SKU;NAME;PRICE;STOCK;CATEGORIES;DESCRIPTION
2000;VISOR AXXIS MT-V-24 MAX VISION CLEAR;444.44;1;23566647;TBD1
3000;ALFORJA P/ BICI;444.44;1;23566647;TBD2
5000;ALFORJA CUERINA;444.44;1;23566647;TBD3
6000;ALFORJA CUERO RENEGADE;444.44;1;23566647;TBD4
7;ALFORJA CUSTOM;444.44;1;23566647;TBD5
8;ALFORJA CUSTOM GOMA ROUTE 66 BOLSILLO;444.44;1;23566647;TBD6
9;ALFORJAS LATERALES 100% IMPERMEBLE ART 001;444.44;1;23566647;TBD7
10;TAPA PIÑON H. XR 250 JP PLASTICA MXR;444.44;1;23566647;TBD8
11;ALFORJA TIPO GIVI;444.44;1;23566647;TBD9
12;BOLSO PORTA HERRAMIENTAS HONDA/YAMAHA;444.44;1;23566647;TBD10
13;ALFORJA PISTERA ART 601;444.44;1;23566647;TBD11
14;AMORT. H. LEAD DEL.;444.44;1;23566647;TBD12
15;BARRERO VARIOS;444.44;1;23566647;TBD13
16;BASE P/BAUL GIVI MONOLOCK;444.44;1;23566647;TBD14
17;BASE P/BAUL GIVI UNV. GRANDE;444.44;1;23566647;TBD15
18;BAUL GIVI 23 LTS. NEGRO C/REFL;444.44;1;23566647;TBD16
19;BAUL GIVI 26 LTS. NEGRO;444.44;1;23566647;TBD17
20;BAUL GIVI 26 LTS. MONOLOCK C/REFL MICRO;444.44;1;23566647;TBD18
21;BAUL GIVI 30 LTS. NEGRO;444.44;1;23566647;TBD19
22;BAUL GIVI 39 LTS. CUADRADO ECONOMICO;444.44;1;23566647;TBD20
23;BAUL GIVI 42 LTS. MONOLOCK;444.44;1;23566647;TBD21
24;BAUL GIVI 45 LTS. NEGRO C/LUZ;444.44;1;23566647;TBD22
26;BAUL VC 45 LTS PARA 2 CASCOS;444.44;1;23566647;TBD23
27;PARAB. Y. XTZ 250 LANDER;444.44;1;23566647;TBD24
28;BOLSILLO P/ TANQUE H. CG TITAN;444.44;1;23566647;TBD25
29;EQUIPO LLUVIA TYMMO A-32 EVERESTT;444.44;1;23566647;TBD26
30;BOLSO FLETERO ECONOMICO RIDERC;444.44;1;23566647;TBD27
31;BOLSO HERRAMIENTAS CUSTOM;444.44;1;23566647;TBD28
32;BOLSO P/TANQUE 15 X 15 RIDERCRAFT;444.44;1;23566647;TBD29
33;BOLSO HERRAMIENTAS CUSTOM;444.44;1;23566647;TBD30
34;BOLSO P/TANQUE C/IMAN REFORZADO SCOYCO;444.44;1;23566647;TBD31
35;BOLSO P/TANQUE C/IMANES GRANDE;444.44;1;23566647;TBD32
36;BOLSO P/TANQUE MOTO GAMA;444.44;1;23566647;TBD33
37;BOTON P/ BAUL KAPPA;444.44;1;23566647;TBD34
38;BAUL GIVI 33 LTS. TREKKER;444.44;1;23566647;TBD35
39;BAUL GIVI 47 LTS.;444.44;1;23566647;TBD36
40;CAJA PIZZERA NACIONAL BLANCA C/ESTANTES;444.44;1;23566647;TBD37
41;TAPON VALVULA TUNNING AZUL;444.44;1;23566647;TBD38
42;MEDIDOR DE PRESION DIGITAL SLIME;444.44;1;23566647;TBD39
43;CALISUAR (VARIAS MEDIDAS);444.44;1;23566647;TBD40
44;CUBREMOTO NG IMPERMEABLE S-M- L- XL;444.44;1;23566647;TBD41
45;DEFENSA H. AFRICA TWIN;444.44;1;23566647;TBD42
46;DEFENSA H. AFRICA TWIN;444.44;1;23566647;TBD43
48;PORTAEQ. Y. FZ 16 GIVI ARG.;444.44;1;23566647;TBD44
49;DEFENSA H. CG TITAN 2000 FRAN. CRO;444.44;1;23566647;TBD45
50;DEFENSA H. CG TITAN FRAN. CROMADA;444.44;1;23566647;TBD46
51;DEFENSA H. CG TITAN RECTO NEG;444.44;1;23566647;TBD47
52;DEFENSA H. CG TITAN00 CAL.NEG;444.44;1;23566647;TBD48
53;DEFENSA H. SHADOW 500;444.44;1;23566647;TBD49
54;DEFENSA H. SHADOW 750/1100;444.44;1;23566647;TBD50
55;DEFENSA H. XL 600 TRANSALP;444.44;1;23566647;TBD51
56;DEFENSA H. XL 600 TRANSALP ARTE-CO;444.44;1;23566647;TBD52
57;DEFENSA H. XL 650 TRANSALP;444.44;1;23566647;TBD53
58;DEFENSA K. VULCAN 500 FANTIN;444.44;1;23566647;TBD54
59;DEFENSA K. VULCAN 750/1100;444.44;1;23566647;TBD55
60;DEFENSA S. INTRUDER 700/800;444.44;1;23566647;TBD56
61;DEFENSA Y. VIRAGO 750/1100;444.44;1;23566647;TBD57
62;DEFENSA Y. YBR 125 FR. CROMADA;444.44;1;23566647;TBD58
64;FLECOS PARA MANIJAS;444.44;1;23566647;TBD59
65;FLECOS PARA PUÑOS;444.44;1;23566647;TBD60
66;FUELLES BARRAL CIRCUIT CHICO;444.44;1;23566647;TBD61
67;FUELLES BARRAL CIRCUIT GRANDE 32 DIENTES;444.44;1;23566647;TBD62
68;FUELLES BARRAL CIRCUIT CHICO;444.44;1;23566647;TBD63
69;FUELLES BARRAL CIRCUIT CHICO 18D;444.44;1;23566647;TBD64
70;FUELLES BARRAL SCAR CICLO;444.44;1;23566647;TBD65
71;FUELLES BARRAL BORBOE CROSS;444.44;1;23566647;TBD66
72;CUBRE BARRALES UNV. PARA MOTOCROSS PROTORK;444.44;1;23566647;TBD67
73;FUELLES BARRAL BORBOE;444.44;1;23566647;TBD68
74;FUELLES BARRAL BORBOE S. DR 650;444.44;1;23566647;TBD69
75;FUELLES H. CG 150 NEGRO;444.44;1;23566647;TBD70
76;FUELLES BARRAL CIRCUIT H. CG TITAN AZUL (11D);444.44;1;23566647;TBD71
77;FUELLES BARRAL SCAR H. XR 100;444.44;1;23566647;TBD72
78;FUELLES BARRAL BORBOE CICLO;444.44;1;23566647;TBD73
79;INFLADOR DE MANO ZF COM CO2;444.44;1;23566647;TBD74
80;KIT PROLINK H. XLR 125/NX 150;444.44;1;23566647;TBD75
81;KIT REPARA CUBIERTAS S/CAMARA SLIME 8 PIEZAS;444.44;1;23566647;TBD76
82;OJO GATO H. CG TITAN/TODAY;444.44;1;23566647;TBD77
83;TANQUE NAF. ZANELLA PATAGONIA GRIS;444.44;1;23566647;TBD78
84;PORTABAUL H. XL 600 TRANS. GIVI;444.44;1;23566647;TBD79
85;PORTAEQ. HONDA DAX 70 /MONDIAL;444.44;1;23566647;TBD80
86;PORTAEQ. GILERA SMASH PINTADO;444.44;1;23566647;TBD81
87;PORTAEQ. BAJAJ ROUSER 150-180-200-220 HIERRO MACIZ;444.44;1;23566647;TBD82
88;PORTAEQ. MOTOMEL SKUA 150 TRIAX;444.44;1;23566647;TBD83
89;PORTAEQ. H. BIZ /GIL. SMASH TORK;444.44;1;23566647;TBD84
90;PORTAEQ. H. C 100 BIZ NEGRO OK;444.44;1;23566647;TBD85
91;PORTAEQ. H. PCX 150 CON BASE PARA BAUL RAK;444.44;1;23566647;TBD86
92;PORTAEQ. H. CB 150 INVICTA RAK;444.44;1;23566647;TBD87
93;PORTAEQ. H. CB 250 NIGTH;444.44;1;23566647;TBD88
94;PORTAEQ. H. CB 190 R HIERRO MACIZO RAK;444.44;1;23566647;TBD89
95;EQUIPO LLUVIA TYMMO A-023;444.44;1;23566647;TBD90
96;PORTAEQ. H. TITAN 99 TODAY EVERESTT;444.44;1;23566647;TBD91
97;PORTAEQ. H. CG TITAN 00 CROM/NEG. EVERESTT;444.44;1;23566647;TBD92
98;PORTAEQ. H. CG TITAN 150 2016 HIERRO MACIZO RAK;444.44;1;23566647;TBD93
99;PORTAEQ. H. CG TITAN 150 TORK/EVERESTT;444.44;1;23566647;TBD94
100;PORTAEQ. H. CG 125 FAN EVERESTT/HP;444.44;1;23566647;TBD95
101;PORTAEQ. H. CG TITAN NEGRO;444.44;1;23566647;TBD96
102;PORTAEQ. BETA 200/250;444.44;1;23566647;TBD97
103;PORTAEQ. H. MB 100;444.44;1;23566647;TBD98
104;PORTAEQ. H. NX 400 FALCON ARTE-CO;444.44;1;23566647;TBD99
105;PORTAEQ. H. XL 125 TORK;444.44;1;23566647;TBD100
106;PORTAEQ. H. NXR 125 /150 BROSS;444.44;1;23566647;TBD101
107;PORTAEQ. H. NXR 125 BROSS TORK;444.44;1;23566647;TBD102
108;PORTAEQ. H. XL 600 TRANSALP;444.44;1;23566647;TBD103
109;PORTAEQ. H. XLR 125 GRIS;444.44;1;23566647;TBD104
110;PORTAEQ. H. XR 250 L;444.44;1;23566647;TBD105
111;PORTAEQ. H. XR 250 TORNADO RAK;444.44;1;23566647;TBD106
112;PORTAEQ. JIALING;444.44;1;23566647;TBD107
113;PORTAEQ. K. GTO 110;444.44;1;23566647;TBD108
114;PORTAEQ. K. KLR 250;444.44;1;23566647;TBD109
115;PORTAEQ. K. MONDIAL HD 125;444.44;1;23566647;TBD110
117;PORTAEQ. S. AX 100;444.44;1;23566647;TBD111
118;PORTAEQ. S. DR 125;444.44;1;23566647;TBD112
119;PORTAEQ. S. DR 350 / 250;444.44;1;23566647;TBD113
120;PORTAEQ. Y. XTZ 125 HIERRO MACIZO NEGRO/CROMADO;444.44;1;23566647;TBD114
121;PORTAEQ. Y. CRYPTON CROMADO;444.44;1;23566647;TBD115
122;LAMP. H7 12V 55W OPTICA AUTO (JGO) PHILLIPS/OSRAM;444.44;1;23566647;TBD116
123;PORTAEQ. Y. YBR 125 REFORZ.;444.44;1;23566647;TBD117
124;PORTAEQ. Y. MT 03 REFORZ. RAK;444.44;1;23566647;TBD118
125;PORTAEQ. Y. YBR CHINA CROMADO STD;444.44;1;23566647;TBD119
126;PORTAEQ. Y. YBR 125 ORG. 2010;444.44;1;23566647;TBD120
127;PORTAEQ. ZAN. RX/XX 125;444.44;1;23566647;TBD121
128;PORTAPAT. H. CG;444.44;1;23566647;TBD122
129;PORTAPAT. H. XL 125/XLX 250;444.44;1;23566647;TBD123
132;MENTONERA PAD MANUBRIO GAMA S/TRAVE;444.44;1;23566647;TBD124
133;PORTABAUL LATERAL H. NX 400 P/E21N;444.44;1;23566647;TBD125
134;PROTECT. TANQUE GEL TRANSP.;444.44;1;23566647;TBD126
135;PROTECT. TANQUE GND PRO GRIP;444.44;1;23566647;TBD127
136;PARAB. AIRSPEED 2 AGARRES PROSCREEM;444.44;1;23566647;TBD128
137;PROTECT. TANQUE GOMA GRANDE;444.44;1;23566647;TBD129
138;PROTECT. TANQUE GOMA UXA;444.44;1;23566647;TBD130
139;PROTECT. TANQUE MITSOONY S/GRAFICO;444.44;1;23566647;TBD131
140;PROTECT. TANQUE MITSOONY CHICO S/GRAFICO;444.44;1;23566647;TBD132
141;PROTECT. TANQUE PROGRIP GEL;444.44;1;23566647;TBD133
142;PROTECT. TANQUE PROTANK;444.44;1;23566647;TBD134
143;PORTAEQ. H. XR 250 TORNADO GIVI NACIONAL;444.44;1;23566647;TBD135
144;PROTECT. TAPA TANQUE NAFTA;444.44;1;23566647;TBD136
145;CARC.FILT.AIRE ZANELLA RX 150;444.44;1;23566647;TBD137
146;CUBREMOTO CORAZA CUATRI;444.44;1;23566647;TBD138
147;RED ELASTICA COLORES;444.44;1;23566647;TBD139
148;RED GIGANTE 60 X 30;444.44;1;23566647;TBD140
149;RED CHICA 30X30;444.44;1;23566647;TBD141
150;RED GRANDE 40X40 REFORZADA;444.44;1;23566647;TBD142
151;RED MEDIANA CON TERMINALES DE PLASTICO;444.44;1;23566647;TBD143
152;RED TENSOR REGULABLE;444.44;1;23566647;TBD144
153;RESPALDO H. SHADOW 600 C/P;444.44;1;23566647;TBD145
154;RESPALDO Y. VIRAGO 535 C/P;444.44;1;23566647;TBD146
155;SOP. P/ BAUL KAPPA;444.44;1;23566647;TBD147
156;SOP. P/ BAUL KAPPA MEDIANO;444.44;1;23566647;TBD148
157;PORTAPAT. PLASTICO MODELO VIEJO;444.44;1;23566647;TBD149
158;SUNCHO P/ TRAILER PAR;444.44;1;23566647;TBD150
159;SOPORTE GPS CORDURA C/VISOR RIDERCRAFT;444.44;1;23566647;TBD151
160;SUNCHO SUJETA MOTOS C/CRIKET 25MM NEGRO;444.44;1;23566647;TBD152
161;TENSOR DE GOMA;444.44;1;23566647;TBD153
162;TENSOR ELASTICO 1.5 X 1 CM;444.44;1;23566647;TBD154
163;PARAB. SPORT ITALY 4 AGARRES;444.44;1;23566647;TBD155
164;ACEITE AMA 2T. 2 CR CICLO 100CC;444.44;1;23566647;TBD156
165;ACEITE AMA 2T. 2 CR PRO 1L;444.44;1;23566647;TBD157
166;ACEITE AMA 2T. AMAX 1LT SINTETICO;444.44;1;23566647;TBD158
167;21-90/90 MICHELIN ANAKEE 2 F TL/TT;444.44;1;23566647;TBD159
168;ACEITE AMA 4T. DELTA G 1LT SEMI;444.44;1;23566647;TBD160
169;PARAB. Y. FZ 16 2 AGARRES NEGRO;444.44;1;23566647;TBD161
170;ACEITE AMA FORK TUNER LIGHT 500CC BARRAL;444.44;1;23566647;TBD162
171;CIGUEÑAL GILERA SMASH CORTO;444.44;1;23566647;TBD163
172;ACEITE AMA CAJA GEAR OIL MX-SX 1LT;444.44;1;23566647;TBD164
173;17-140/80 MICHELIN ANAKEE 2 R TL/TT;444.44;1;23566647;TBD165
174;PARAB. K. NINJA 250 R 08/10 PROSCREEM;444.44;1;23566647;TBD166
175;ACEITE AMA 4T. GLOBAL XL600 1LT SEMISINTETICO;444.44;1;23566647;TBD167
176;ACEITE MAXIMA FORK TUNNER;444.44;1;23566647;TBD168
177;ACEITE AMA 4T. GLOBAL XL700 2LTS;444.44;1;23566647;TBD169
178;ACEITE AMA 2T. K-MX 100 CC RICINO;444.44;1;23566647;TBD170
179;ACEITE AMA 2T. K-MX 500CC RICINO;444.44;1;23566647;TBD171
180;ACEITE AMA 4T. METAL 5 1 LT;444.44;1;23566647;TBD172
181;ACEITE AMA CAJA N-20 AMPAC 500CC;444.44;1;23566647;TBD173
182;ACEITE AMA CAJA N-30 AMPAC 500CC;444.44;1;23566647;TBD174
183;ACEITE MAXIMA FORK FLUID 1LT.;444.44;1;23566647;TBD175
184;ACEITE CASTROL 2T. JASO FB 500 CC;444.44;1;23566647;TBD176
185;ACEITE CASTROL 4T. GP 1 LTS. MINERAL;444.44;1;23566647;TBD177
186;ACEITE CASTROL 4T. EXTRA SEMI SINTETICO LT (20W50);444.44;1;23566647;TBD178
187;ACEITE MAXIMA CASTOR;444.44;1;23566647;TBD179
188;ACEITE CASTROL 4T. POWER 1 FULL SINTETICO 10W50;444.44;1;23566647;TBD180
189;ACEITE CASTROL 2T. JASO FB 1L;444.44;1;23566647;TBD181
190;ACEITE CASTROL 2T. TTS 1 LT. PART SYNTHETIC;444.44;1;23566647;TBD182
191;ACEITE ELF 2T. 2 DX RATIO;444.44;1;23566647;TBD183
192;ACEITE ELF 4T. 2 DX RATIO;444.44;1;23566647;TBD184
193;ACEITE HONDA 2T. GN2 1LT;444.44;1;23566647;TBD185
194;ACEITE HONDA 4T. 10W30 MINERAL HGO 1 LITRO;444.44;1;23566647;TBD186
195;ACEITE KAWALUBE 2T. 1LT;444.44;1;23566647;TBD187
196;ACEITE SILKOLENE SUPER 4 20W-50 4T. 1LT SEMI-SYNT.;444.44;1;23566647;TBD188
197;ACEITE MOTUL 4T. 5000 1 LT.;444.44;1;23566647;TBD189
198;ACEITE MOTUL 4T. 300V SINTETICO 1LT.;444.44;1;23566647;TBD190
199;ACEITE MOTUL 2T. 510;444.44;1;23566647;TBD191
200;ACEITE MOTUL 4T. 5100 1LT.;444.44;1;23566647;TBD192
201;ACEITE MOTUL 2T. 710 ANTI-SMOKE;444.44;1;23566647;TBD193
202;ACEITE MOTUL 2T. 800 1 LT.;444.44;1;23566647;TBD194
203;LUBRIC. MAXIMA CHAIN GUARD SYNTHETIC 395 GMS;444.44;1;23566647;TBD195
204;ACEITE VALVOLINE 2T SEMISINT. 1 LT;444.44;1;23566647;TBD196
205;ACEITE REPSOL 2T STANDART 1 LT;444.44;1;23566647;TBD197
206;ACEITE REPSOL 4T MINERAL 15W50;444.44;1;23566647;TBD198
207;ACEITE REPSOL 4T MINERAL 20W50;444.44;1;23566647;TBD199
208;ACEITE REPSOL 4T SINTET. 10W40;444.44;1;23566647;TBD200
209;ACEITE MOTUL CAJA TRANSOIL 10W30;444.44;1;23566647;TBD201
210;ACEITE YAMALUBE 2-R 1 LITRO;444.44;1;23566647;TBD202
211;ACEITE YAMALUBE 2-S SEMI SINT. 1 LITRO;444.44;1;23566647;TBD203
212;ACEITE YAMALUBE 4T R 10W40;444.44;1;23566647;TBD204
213;ACEITE YAMALUBE 4T. S 1LT 20W50;444.44;1;23566647;TBD205
214;ACEITE YAMALUBE CAJA 1 LITRO;444.44;1;23566647;TBD206
215;INFLA Y SELLA MOTUL TIRE REPAIR;444.44;1;23566647;TBD207
216;GEL LIMPIA MANOS EN DISPENSER 940 GRS;444.44;1;23566647;TBD208
217;GRASA AMA PUL GRASE 900GRS;444.44;1;23566647;TBD209
218;GRASA M.G. AMA POTE 150 GRS;444.44;1;23566647;TBD210
219;LIQUIDO FRENO DOT 3 200CC;444.44;1;23566647;TBD211
220;LIQUIDO FRENO DOT 4;444.44;1;23566647;TBD212
221;REFRIGERANTE MOTUL INUGEL;444.44;1;23566647;TBD213
222;LUBRIC AMA AIR FILTER OIL 150CM/115GR;444.44;1;23566647;TBD214
223;LUBRIC AMA ALL IN ONE F-18 AEROSOL 440 CM;444.44;1;23566647;TBD215
224;LUBRIC AMA CHAIN LUBE AEROS CH;444.44;1;23566647;TBD216
225;LUBRIC AMA CHAIN LUBE AEROSOL 440 CM3;444.44;1;23566647;TBD217
226;LUBRIC AMA SILICON AEROSOL 440 CM3;444.44;1;23566647;TBD218
227;LUBRIC AMA SUPER CLEANER AEROS;444.44;1;23566647;TBD219
228;LUBRIC BARDAHL RUST PROTECT MULTIUSO 220 GRS;444.44;1;23566647;TBD220
229;LUBRIC CASTROL CHAIN WAX;444.44;1;23566647;TBD221
231;LUBRIC KART STRONG AZUL C/TEFLON 400 CM3;444.44;1;23566647;TBD222
232;LUBRIC KART STRONG AZUL CHICO;444.44;1;23566647;TBD223
233;LUBRIC SILKOLENE CHAIN LUBE SEMI-SYNTHETIC;444.44;1;23566647;TBD224
234;LUBRIC MOTUL CHAIN LUBE FACTORY LINE C4;444.44;1;23566647;TBD225
235;LUBRIC CASTROL P/CADENAS O-R GRANDE 400 ML;444.44;1;23566647;TBD226
236;LUBRIC WD 40 150 CC CHICO;444.44;1;23566647;TBD227
237;LUBRIC WD-40 311 CC GRANDE;444.44;1;23566647;TBD228
238;LUBRIC BARDAHL P/CADENA CHICO;444.44;1;23566647;TBD229
239;REFRIGERANTE AMA ANTI FREEZE 1 LT.;444.44;1;23566647;TBD230
240;ACEITE SHELL ADVANCE FILTER OIL 10W20;444.44;1;23566647;TBD231
241;ACRIL.FAROL DAELIM 50;444.44;1;23566647;TBD232
242;ACRIL.FAROL GARELLI;444.44;1;23566647;TBD233
243;ACRIL.TABLERO ZANELLA SEXY 110 NSU;444.44;1;23566647;TBD234
244;LUBRIC. MAXIMA CHAIN GUARD SYNTETHIC 170 GRS.;444.44;1;23566647;TBD235
245;ACRIL.FAROL S. AD 50/60 ORIG;444.44;1;23566647;TBD236
246;ACRIL.FAROL S. FA 50;444.44;1;23566647;TBD237
247;ACRIL.FAROL UNIV. OVAL.;444.44;1;23566647;TBD238
248;ACRIL.FAROL ZANELLA DUE 50;444.44;1;23566647;TBD239
249;ACRIL.GIRO CICLO;444.44;1;23566647;TBD240
250;ACRIL.GIRO H. C 90 ECONO;444.44;1;23566647;TBD241
251;CDI. IMSA 110 EVO TRACK MAG PIETCAR;444.44;1;23566647;TBD242
252;ACRIL.GIRO H. C100 BIZ DEL.DER;444.44;1;23566647;TBD243
253;ACRIL.GIRO H. C100 BIZ DEL.DER;444.44;1;23566647;TBD244
254;ACRIL.GIRO H. C100 BIZ DEL.DER;444.44;1;23566647;TBD245
255;ACRIL.GIRO H. C100 BIZ DEL.IZQ;444.44;1;23566647;TBD246
256;ACRIL.GIRO H. C100 BIZ DEL.IZQ;444.44;1;23566647;TBD247
257;ACRIL.GIRO H. C100 BIZ DEL.IZQ;444.44;1;23566647;TBD248
258;ACRIL.GIRO H. C100 DEL.DER. C.;444.44;1;23566647;TBD249
259;ACRIL.GIRO H. C100 DEL.DER. N.;444.44;1;23566647;TBD250
260;ACRIL.GIRO H. C100 DEL.IZQ. C.;444.44;1;23566647;TBD251
261;ACRIL.GIRO H. C100 DEL.IZQ. N.;444.44;1;23566647;TBD252
262;ACRIL.GIRO H. C100 TRAS.DER.C.;444.44;1;23566647;TBD253
263;ACRIL.GIRO H. C100 TRAS.DER.N.;444.44;1;23566647;TBD254
264;ACRIL.GIRO H. C100 TRAS.IZQ.C.;444.44;1;23566647;TBD255
265;ACRIL.GIRO H. C100 TRAS.IZQ.N.;444.44;1;23566647;TBD256
266;ACRIL.GIRO H. CB 125;444.44;1;23566647;TBD257
267;ACRIL.GIRO H. CBR 450 DER.;444.44;1;23566647;TBD258
268;ACRIL.GIRO H. CBX 150 DER.;444.44;1;23566647;TBD259
269;ACRIL.GIRO H. CBX 150 IZQUIERDO;444.44;1;23566647;TBD260
270;ACRIL.GIRO H. CG / C90;444.44;1;23566647;TBD261
271;ACRIL.GIRO H. DAX;444.44;1;23566647;TBD262
272;LIQUIDO FRENO TOTAL DOT 4;444.44;1;23566647;TBD263
274;ACRIL.GIRO H. NX 400 FALCON;444.44;1;23566647;TBD264
275;ACRIL.GIRO H. XLR / JIALING;444.44;1;23566647;TBD265
276;ACRIL.GIRO H. XLR 125 / XR 200;444.44;1;23566647;TBD266
277;ACRIL.GIRO H. XLX / XL / NX;444.44;1;23566647;TBD267
278;ACRIL.GIRO K. SCARABEO;444.44;1;23566647;TBD268
279;17-100/80 VEE RUBBER VRM 294 NUEVO CBX 250 DEL.;444.44;1;23566647;TBD269
280;ACRIL.GIRO MONDIAL PT 50 DE.IZ;444.44;1;23566647;TBD270
281;KIT TR. H. XR 250 TORNADO DID C/ORING Z-38/Z-13;444.44;1;23566647;TBD271
282;ACRIL.GIRO Y. CRYPTON DEL.DER;444.44;1;23566647;TBD272
284;ACRIL.GIRO Y. CRYPTON DEL.DER.;444.44;1;23566647;TBD273
285;ACRIL.GIRO Y. CRYPTON DEL.IZQ;444.44;1;23566647;TBD274
287;ACRIL.GIRO Y. CRYPTON DEL.IZQ.;444.44;1;23566647;TBD275
289;ACRIL.GIRO Y. V-80;444.44;1;23566647;TBD276
290;ACRIL.GIRO Y. YBR 125;444.44;1;23566647;TBD277
291;ACRIL.GIRO ZAN. CARGO;444.44;1;23566647;TBD278
292;ACRIL.GIRO ZAN. DUE;444.44;1;23566647;TBD279
293;ACRIL.GIRO ZAN. SOL;444.44;1;23566647;TBD280
294;ACRIL.GIRO ZAN. SOL;444.44;1;23566647;TBD281
295;ACRIL.STOP DAELIM;444.44;1;23566647;TBD282
296;ACRIL.STOP GARELLI;444.44;1;23566647;TBD283
297;ACRIL.STOP H. C 100 BIZ FUME;444.44;1;23566647;TBD284
298;ACRIL.STOP H. C 100 CRISTAL;444.44;1;23566647;TBD285
299;ACRIL.STOP H. C 100 ROJO;444.44;1;23566647;TBD286
300;17-130/70 METZELER CTL 62S MESPED;444.44;1;23566647;TBD287
301;ACRIL.STOP H. CBX 150;444.44;1;23566647;TBD288
302;LUSTRA AUTOS AUTOPOLISH 450ML;444.44;1;23566647;TBD289
303;ACRIL.STOP H. CG CARGO;444.44;1;23566647;TBD290
304;ACRIL.STOP H. CG TITAN00 BR;444.44;1;23566647;TBD291
305;ACRIL.STOP H. CG TITAN00 FUME;444.44;1;23566647;TBD292
306;ACRIL.STOP H. CG TODAY/XL/XLX;444.44;1;23566647;TBD293
307;ACRIL.STOP H. DAX;444.44;1;23566647;TBD294
308;ACRIL.STOP H. NH 100 KINETIC;444.44;1;23566647;TBD295
309;ACRIL.STOP H. NX 125/250/650;444.44;1;23566647;TBD296
310;ACRIL.STOP H. NX 125/250/650;444.44;1;23566647;TBD297
311;ACRIL.STOP H. NX 150/XLR/NX350;444.44;1;23566647;TBD298
312;ACRIL.STOP H. NX 400 FALCON;444.44;1;23566647;TBD299
313;ACRIL.STOP H. NX 650/250;444.44;1;23566647;TBD300
314;ACRIL.STOP H. XL 600 TRANSALP;444.44;1;23566647;TBD301
315;ACRIL.STOP H. XR;444.44;1;23566647;TBD302
316;ACRIL.STOP JIALING;444.44;1;23566647;TBD303
317;ACRIL.STOP K. GTO 110 / KZ 650;444.44;1;23566647;TBD304
318;KIT TR. Y. YBR 250 CAD. DORADA Z-45/Z-15 STANDAR;444.44;1;23566647;TBD305
319;ACRIL.STOP K. NEOMAX;444.44;1;23566647;TBD306
320;ACRIL.STOP S. AX 100 NSU;444.44;1;23566647;TBD307
321;ZAPATA NSU GILERA CUSTOM 150 TRAS. Z/516;444.44;1;23566647;TBD308
322;ACRIL.STOP S. FA 50;444.44;1;23566647;TBD309
323;ACRIL.STOP S. FA 50;444.44;1;23566647;TBD310
324;ACRIL.STOP Y. 125;444.44;1;23566647;TBD311
325;ACRIL.STOP Y. CRYPTON;444.44;1;23566647;TBD312
326;ACRIL.STOP Y. CRYPTON FUME;444.44;1;23566647;TBD313
327;ACRIL.STOP Y. DT 180;444.44;1;23566647;TBD314
328;ACRIL.STOP Y. RX 100/125;444.44;1;23566647;TBD315
329;ACRIL.STOP Y. V 80;444.44;1;23566647;TBD316
330;ACRIL.STOP Y. XT 225;444.44;1;23566647;TBD317
331;ACRIL.STOP Y. YBR 125;444.44;1;23566647;TBD318
332;ACRIL.STOP ZANELLA DUE / V3 CHICO;444.44;1;23566647;TBD319
333;ACRIL.STOP ZANELLA SOL;444.44;1;23566647;TBD320
334;ACRIL.STOP/GIRO H. C100BIZ JGO;444.44;1;23566647;TBD321
335;ACRIL.GIRO H. CBR 450 DEL.IZQ.;444.44;1;23566647;TBD322
336;OJO GATO H. CBX 150;444.44;1;23566647;TBD323
337;OJO GATO H. CG TODAY;444.44;1;23566647;TBD324
338;OJO GATO H. VS.;444.44;1;23566647;TBD325
339;OJO GATO LENGUA STONE AUTOADH.;444.44;1;23566647;TBD326
340;OJO GATO NARANJA TORNILLO CH WAVE;444.44;1;23566647;TBD327
341;TENSOR TR. H. STORM NITRO POR UNIDAD;444.44;1;23566647;TBD328
342;OJO GATO ROJO TORNILLO CH;444.44;1;23566647;TBD329
343;OJO GATO ROJO TORNILLO GR;444.44;1;23566647;TBD330
344;OJO GATO H. WAVE UND.;444.44;1;23566647;TBD331
345;KIT PLASTICOS ZANELLA DUE 110 NEGRO ZLOTO;444.44;1;23566647;TBD332
346;BOTON PARE ON/OFF BLT;444.44;1;23566647;TBD333
347;AMORT. GARELLI;444.44;1;23566647;TBD334
348;AMORT. H. C 100 BIZ FAR;444.44;1;23566647;TBD335
349;AMORT. H. C 100 BIZ;444.44;1;23566647;TBD336
350;AMORT. H. C 100 BIZ TUNNING FAR;444.44;1;23566647;TBD337
351;AMORT. H. C 90 M/LUJO FAR;444.44;1;23566647;TBD338
352;AMORT. H. C 90 M/VJO FAR;444.44;1;23566647;TBD339
353;AMORT. H. CB 250 NIGHTHAWK;444.44;1;23566647;TBD340
354;AMORT. H. CB 400 HID.;444.44;1;23566647;TBD341
355;AMORT. H. CB 500 CROMADOS;444.44;1;23566647;TBD342
356;AMORT. H. CBN 400;444.44;1;23566647;TBD343
357;AMORT. H. CBX 200 FAR;444.44;1;23566647;TBD344
358;AMORT. H. CBX 200 STRADA;444.44;1;23566647;TBD345
359;AMORT. H. CD 100 CH (JGO);444.44;1;23566647;TBD346
360;AMORT. H. CD 100 HERO;444.44;1;23566647;TBD347
361;AMORT. H. CG TITAN 00 FAR;444.44;1;23566647;TBD348
362;AMORT. H. CG TITAN 00;444.44;1;23566647;TBD349
363;AMORT. H. CG TITAN 00 CROM. (JGO);444.44;1;23566647;TBD350
364;AMORT. H. CG TITAN 00 TW;444.44;1;23566647;TBD351
365;AMORT. H. CG TITAN00 LARGO FAR;444.44;1;23566647;TBD352
366;AMORT. H. CG TOD/TIT ORIG.;444.44;1;23566647;TBD353
367;AMORT. H. CG TOD/TIT CBX 150 FAR;444.44;1;23566647;TBD354
369;AMORT. H. DAX 70 FAR;444.44;1;23566647;TBD355
370;AMORT. H. LEAD 80 FAR;444.44;1;23566647;TBD356
371;AMORT. H. MB 100;444.44;1;23566647;TBD357
372;AMORT. H. MB 100 TW;444.44;1;23566647;TBD358
373;AMORT. H. NX 150 COMPL.;444.44;1;23566647;TBD359
374;AMORT. H. NX 250/350;444.44;1;23566647;TBD360
375;AMORT. H. WAVE FAR;444.44;1;23566647;TBD361
376;AMORT. H. XL 125 ROJO/NEGRO;444.44;1;23566647;TBD362
377;AMORT. H. XLR 125 ORIG.;444.44;1;23566647;TBD363
378;AMORT. H. XLR 125 OK;444.44;1;23566647;TBD364
379;AMORT. H. XLX 350;444.44;1;23566647;TBD365
380;AMORT. H. XR 200 /NX 150 COMPL;444.44;1;23566647;TBD366
381;AMORT. HARLEY DAVIDSON;444.44;1;23566647;TBD367
382;AMORT. HERCHE ADLY 100;444.44;1;23566647;TBD368
383;AMORT. JIALING;444.44;1;23566647;TBD369
384;AMORT. JUKI;444.44;1;23566647;TBD370
385;AMORT. JUKI DRIBB. C/CAP.CROM;444.44;1;23566647;TBD371
386;AMORT. JUKI DRIBB. C/CAP.NEGRO;444.44;1;23566647;TBD372
387;AMORT. JUKI MONDIAL M1 C/ESPIR;444.44;1;23566647;TBD373
388;AMORT. K. 650 FAR;444.44;1;23566647;TBD374
389;AMORT. KASINSKI CRUISE;444.44;1;23566647;TBD375
390;AMORT. Y. JOG;444.44;1;23566647;TBD376
391;AMORT. S. ADRESS AD 50;444.44;1;23566647;TBD377
392;AMORT. S. ADRESS AD 60;444.44;1;23566647;TBD378
393;AMORT. S. AX 100;444.44;1;23566647;TBD379
394;AMORT. S. AX 100 C/CAPUCH (JGO);444.44;1;23566647;TBD380
395;AMORT. S. AX 100 CHINO C/CAP.;444.44;1;23566647;TBD381
396;AMORT. S. GN 125 CHB;444.44;1;23566647;TBD382
397;AMORT. S. GS 125 (JGO);444.44;1;23566647;TBD383
398;AMORT. S. TS 125 L. BRAS.;444.44;1;23566647;TBD384
399;AMORT. Y. AXIS 90 TW;444.44;1;23566647;TBD385
400;AMORT. Y. CRYPTON;444.44;1;23566647;TBD386
401;AMORT. Y. RD 400 FAR;444.44;1;23566647;TBD387
402;AMORT. Y. RX 125 TW;444.44;1;23566647;TBD388
403;AMORT. Y. V 80 (JGO);444.44;1;23566647;TBD389
404;AMORT. Y. YBR 125 CROM. BR FAR;444.44;1;23566647;TBD390
405;AMORT. Y. YBR 125 TAIWAN;444.44;1;23566647;TBD391
406;AMORT. Y. YOG 50 NEW;444.44;1;23566647;TBD392
407;AMORT. ZAN. DUE FIDE VICE;444.44;1;23566647;TBD393
408;AMORT. ZAN. V3 VC;444.44;1;23566647;TBD394
409;BARRAL G. SMASH;444.44;1;23566647;TBD395
410;BARRAL G. SMASH S/DISCO JUEGO;444.44;1;23566647;TBD396
411;BARRAL H. C 100 BIZ MAX;444.44;1;23566647;TBD397
412;BARRAL H. C 100 BIZ/WAVE JGO. STD.;444.44;1;23566647;TBD398
413;BARRAL H. C 90 LUXE COMP;444.44;1;23566647;TBD399
414;BARRAL H. C 90 M/VJO COMP;444.44;1;23566647;TBD400
415;BARRAL H. CBX 150/200;444.44;1;23566647;TBD401
416;BARRAL H. CBX 150/200;444.44;1;23566647;TBD402
417;BARRAL H. CG 150 ORIG;444.44;1;23566647;TBD403
418;BARRAL H. CG TIT 00 ES IZQ. COMPL. ORIG.;444.44;1;23566647;TBD404
419;BARRAL H. CG TIT 00 ES DER. COMP. ORIG.;444.44;1;23566647;TBD405
420;BARRAL H. CG 150 STD (X JGO);444.44;1;23566647;TBD406
421;BARRAL H. CG 150 EVERESTT (X UNID.);444.44;1;23566647;TBD407
422;BARRAL H. CG TOD/TIT DER.COMPL.;444.44;1;23566647;TBD408
423;BARRAL H. CG TOD/TIT DER.COMPL.;444.44;1;23566647;TBD409
424;BARRAL H. CG TOD/TIT IZQ.COMPL;444.44;1;23566647;TBD410
425;BARRAL H. CG TOD/TIT IZQ.COMPL;444.44;1;23566647;TBD411
426;BARRAL H. CG TOD/TIT ORIG.;444.44;1;23566647;TBD412
427;BARRAL H. CG TOD/TIT;444.44;1;23566647;TBD413
428;BARRAL H. CG TOD/TIT SIVERST UN.;444.44;1;23566647;TBD414
429;BARRAL H. CG TOD/TIT MAX UNID.;444.44;1;23566647;TBD415
430;BARRAL H. NX 150;444.44;1;23566647;TBD416
431;BARRAL H. NXR 125 STD JGO;444.44;1;23566647;TBD417
432;BARRAL H. WAVE INTERNO OK (X UNIDAD);444.44;1;23566647;TBD418
433;BARRAL H. XL 125/CB 250;444.44;1;23566647;TBD419
434;BARRAL H. XLR 125 IZQ. COMPL.;444.44;1;23566647;TBD420
435;BARRAL H. XLR 125 SIVERST;444.44;1;23566647;TBD421
436;BARRAL H. XLR 125 STD;444.44;1;23566647;TBD422
437;BARRAL S. AX 100 CHB (JGO);444.44;1;23566647;TBD423
438;BARRAL S. AX 100 COMPL.;444.44;1;23566647;TBD424
439;BARRAL S. GN 125 JGO;444.44;1;23566647;TBD425
440;BARRAL Y. XTZ 125 JGO. BRASIL;444.44;1;23566647;TBD426
441;BARRAL Y. RX 125;444.44;1;23566647;TBD427
442;BARRAL Y. RX 125 (M/NVO) (JGO);444.44;1;23566647;TBD428
443;BARRAL Y. YBR 125 BRASIL;444.44;1;23566647;TBD429
444;BARRAL Y. YBR 125 EVERESTT / MAX X UNIDAD;444.44;1;23566647;TBD430
445;BOTELLA G. SMASH;444.44;1;23566647;TBD431
446;BOTELLA H. C 100 BIZ DER. ORIG.;444.44;1;23566647;TBD432
447;BOTELLA H. C 100 BIZ IZQ. ORIG.;444.44;1;23566647;TBD433
448;BOTELLA H. C 100 BIZ JUEGO TW;444.44;1;23566647;TBD434
449;BOTELLA H. CG TITAN 150 TW;444.44;1;23566647;TBD435
450;BOTELLA H. CG TITAN 00 DER.;444.44;1;23566647;TBD436
451;BOTELLA H. CG TITAN 00 ES DER.;444.44;1;23566647;TBD437
452;BOTELLA H. CG TITAN 00 ES DER;444.44;1;23566647;TBD438
453;BOTELLA H. CG TITAN 00 ES IZQ ORIG.;444.44;1;23566647;TBD439
454;BOTELLA H. CG TITAN 00 ES IZQ.;444.44;1;23566647;TBD440
455;BOTELLA H. CG TITAN 00 KS DER;444.44;1;23566647;TBD441
456;BOTELLA H. CG TITAN 00 KS IZQ.;444.44;1;23566647;TBD442
457;BOTELLA H. CG TITAN 00 TW;444.44;1;23566647;TBD443
458;BOTELLA H. CG TOD/TIT;444.44;1;23566647;TBD444
459;BOTELLA H. CG TOD/TIT IZQ.;444.44;1;23566647;TBD445
460;BOTELLA H. XLR 125 DER.;444.44;1;23566647;TBD446
461;BOTELLA Y. YBR 125 IZQ. ORIG.;444.44;1;23566647;TBD447
462;BRAZO AMORT.EXT. H. NX 150;444.44;1;23566647;TBD448
463;BRAZO AMORT.INT. H. NX;444.44;1;23566647;TBD449